{
  "train_loss": [
    0.6817719645500183,
    0.5119762725489481,
    0.46670666306359426,
    0.42231395707811625,
    0.40071913831574574,
    0.3886996883664812,
    0.36466788307258063,
    0.3371127849817276,
    0.3351118540423257,
    0.3125418508393424,
    0.32480996792657035,
    0.3235537440947124,
    0.31178192227227347,
    0.2935178982274873,
    0.27972029757499695
  ],
  "train_acc": [
    0.7617142857142857,
    0.8025714285714286,
    0.824,
    0.8422857142857143,
    0.844,
    0.846,
    0.8594285714285714,
    0.8705714285714286,
    0.8691428571428571,
    0.8828571428571429,
    0.8805714285714286,
    0.8805714285714286,
    0.8834285714285715,
    0.8845714285714286,
    0.8977142857142857
  ],
  "train_f1": [
    0.7252982150076424,
    0.7772112905443895,
    0.8022211439277385,
    0.828422854960153,
    0.8325978742960751,
    0.8288234116385369,
    0.8444986597364618,
    0.8598577665249799,
    0.8580904084164613,
    0.8687408069949748,
    0.8694896083067417,
    0.8623162964712807,
    0.8693434361216307,
    0.8713128840557562,
    0.8831527761563345
  ],
  "val_loss": [
    0.561552286863327,
    0.49267091854413353,
    0.4431937479178111,
    0.4077021939754486,
    0.39746025347709657,
    0.34619978090127307,
    0.34133746071656546,
    0.33289657266934713,
    0.35973164240519206,
    0.3415826013088226,
    0.314950629512469,
    0.3102052812576294,
    0.36953448490301766,
    0.29450009554624557,
    0.2834290364980698
  ],
  "val_acc": [
    0.808,
    0.7853333333333333,
    0.812,
    0.84,
    0.856,
    0.8546666666666667,
    0.8773333333333333,
    0.8733333333333333,
    0.8706666666666667,
    0.8666666666666667,
    0.9013333333333333,
    0.88,
    0.8613333333333333,
    0.8946666666666667,
    0.8826666666666667
  ],
  "val_f1": [
    0.7931852409154355,
    0.7533220786107285,
    0.7953771154743103,
    0.8262020138856234,
    0.8483255524559578,
    0.8533635596745648,
    0.8683664076669373,
    0.861265368995284,
    0.8512636724861629,
    0.8533391104621595,
    0.8917691945825226,
    0.8676281707569062,
    0.8314679651582861,
    0.8768748297133415,
    0.8785655233880386
  ]
}