{
  "train_loss": [
    0.723444062607629,
    0.5189241902487619,
    0.45089882217134747,
    0.4342756814275469,
    0.41676784127099176,
    0.4202277604171208,
    0.3908064127990178,
    0.35619493900026594,
    0.3418722931316921,
    0.3715059446607317,
    0.32699419248529843,
    0.23653831446170806,
    0.2042011187502316,
    0.19028197753429413,
    0.17731144632611956,
    0.15583934259414672,
    0.14980917928900037,
    0.14742808378594263,
    0.14325343635305762,
    0.13701633313723974,
    0.10763640293904714,
    0.10285559404747827,
    0.08662862392834254,
    0.08814790555409023,
    0.08233292275241443
  ],
  "train_acc": [
    0.7071428571428572,
    0.8117142857142857,
    0.8357142857142857,
    0.8382857142857143,
    0.8474285714285714,
    0.8434285714285714,
    0.8562857142857143,
    0.8708571428571429,
    0.8742857142857143,
    0.862,
    0.8874285714285715,
    0.916,
    0.9294285714285714,
    0.9351428571428572,
    0.9388571428571428,
    0.9437142857142857,
    0.9462857142857143,
    0.9431428571428572,
    0.9497142857142857,
    0.9551428571428572,
    0.9602857142857143,
    0.964,
    0.97,
    0.9691428571428572,
    0.9725714285714285
  ],
  "train_f1": [
    0.7064681329068017,
    0.8120560418171205,
    0.8361632515316563,
    0.838031430563849,
    0.8482430014879165,
    0.8432684764512152,
    0.8562671401405709,
    0.8706712142610366,
    0.8748456826269599,
    0.8620408493535952,
    0.8880961678371628,
    0.9155880856265411,
    0.9291597406244618,
    0.9354536204044246,
    0.9388296111700308,
    0.943448786526146,
    0.946531782179797,
    0.9429685830319487,
    0.9493220880444353,
    0.955637591963327,
    0.9608644431281405,
    0.9637553573008949,
    0.9699384992357136,
    0.9690137156741901,
    0.9731339855854411
  ],
  "val_loss": [
    0.5204104080994923,
    0.4319337840080261,
    0.3850047412713369,
    0.45423647554715474,
    0.49276624123255414,
    0.36482454160849254,
    0.37496790329615276,
    0.3277989856898785,
    0.31354222556948663,
    0.38131101938088735,
    0.20042023374388615,
    0.24986153810222944,
    0.19937430805123102,
    0.18015447329853973,
    0.16371871795256931,
    0.154927539420935,
    0.1496202446905275,
    0.20793204276636243,
    0.14074588884785771,
    0.1764004286378622,
    0.12913476381792377,
    0.1278734022853896,
    0.15675241813777635,
    0.13275893700464317,
    0.10504416396175899
  ],
  "val_acc": [
    0.7893333333333333,
    0.824,
    0.8653333333333333,
    0.8386666666666667,
    0.8253333333333334,
    0.864,
    0.8706666666666667,
    0.8866666666666667,
    0.8853333333333333,
    0.852,
    0.932,
    0.908,
    0.924,
    0.9306666666666666,
    0.9426666666666667,
    0.9573333333333334,
    0.9466666666666667,
    0.9373333333333334,
    0.9506666666666667,
    0.9413333333333334,
    0.9506666666666667,
    0.9546666666666667,
    0.9466666666666667,
    0.9533333333333334,
    0.9653333333333334
  ],
  "val_f1": [
    0.7854073537248836,
    0.8099144930817731,
    0.8517722733906187,
    0.8250800198862683,
    0.8141737265396959,
    0.8465457276954904,
    0.8512952647325056,
    0.865190392216469,
    0.8638216652067471,
    0.83479944586984,
    0.9203247975310256,
    0.8863832872972099,
    0.904984301040314,
    0.9165911946190577,
    0.9398295530962291,
    0.9486996850512305,
    0.9363826421519225,
    0.9254619371146603,
    0.9403697376650766,
    0.934149416896578,
    0.9450555508017942,
    0.9461408884205856,
    0.9375496601788647,
    0.9434871180547485,
    0.9566315506127496
  ]
}