{
  "train_loss": [
    0.837101877621242,
    0.6892089768137251,
    0.6172815908023289,
    0.5805885863304138,
    0.5473159296172005,
    0.5562987303393228,
    0.5320671438830239,
    0.5285864681516375,
    0.5202874565124511,
    0.4796643340247018,
    0.4974195850236075,
    0.4878179872206279,
    0.46836234266417365,
    0.45541504607881816,
    0.4633228097132274,
    0.4520045620373317,
    0.5035293823650905,
    0.43114310267993383,
    0.4313203438350133,
    0.4482707527705601
  ],
  "train_acc": [
    0.6417142857142857,
    0.7354285714285714,
    0.7625714285714286,
    0.7848571428571428,
    0.7991428571428572,
    0.7937142857142857,
    0.8045714285714286,
    0.7994285714285714,
    0.7988571428571428,
    0.8165714285714286,
    0.8074285714285714,
    0.8145714285714286,
    0.8305714285714285,
    0.8282857142857143,
    0.8191428571428572,
    0.8242857142857143,
    0.8105714285714286,
    0.8405714285714285,
    0.8388571428571429,
    0.8268571428571428
  ],
  "train_f1": [
    0.6438818839222558,
    0.7359999953512731,
    0.7625017529213532,
    0.7842533769589359,
    0.7990511193266291,
    0.793936234306279,
    0.8043565508597099,
    0.7994523399473441,
    0.8002446940681976,
    0.8175969406336807,
    0.8076437602143924,
    0.8158819586160133,
    0.8294915423306158,
    0.828349836057592,
    0.8196846304391827,
    0.8249801937128095,
    0.810920819503124,
    0.8402706116722947,
    0.8397941724999369,
    0.8266878325836107
  ],
  "val_loss": [
    0.6371661386489869,
    0.6252530838648478,
    0.6809395475387573,
    0.5978682198524475,
    0.5264049237569173,
    0.596152568658193,
    0.5964446131388347,
    0.5832647531827291,
    0.542284061272939,
    0.5061440924008688,
    0.5279224578539531,
    0.501611524105072,
    0.4636019381682078,
    0.5197531118392944,
    0.4484011170864105,
    0.44676141611735026,
    0.4809556866486867,
    0.4680556837717692,
    0.5570372405052185,
    0.44745666631062825
  ],
  "val_acc": [
    0.7493333333333333,
    0.7533333333333333,
    0.752,
    0.748,
    0.7853333333333333,
    0.7653333333333333,
    0.768,
    0.768,
    0.7746666666666666,
    0.776,
    0.7813333333333333,
    0.7973333333333333,
    0.8066666666666666,
    0.7786666666666666,
    0.7933333333333333,
    0.808,
    0.816,
    0.7973333333333333,
    0.7653333333333333,
    0.8133333333333334
  ],
  "val_f1": [
    0.7296433081430715,
    0.7509027408061648,
    0.751958701349258,
    0.7371490308771762,
    0.7811174072658413,
    0.769252764779078,
    0.7751566976018238,
    0.769143722109352,
    0.7672978033511045,
    0.7715037297302976,
    0.7809589124904559,
    0.795185279464695,
    0.8127825362600223,
    0.7749160404684942,
    0.8013118133807788,
    0.8146625339571822,
    0.8067318134505082,
    0.8059496207292742,
    0.752697651566274,
    0.8181503500269892
  ]
}